input_id	dealiased_id	standard_id	short_id
Lin2019	doi:10.1088/1748-9326/ab29ae	doi:10.1088/1748-9326/ab29ae	IIvcqGTe
Batarseh2020	doi:10.17016/IFDP.2020.1296	doi:10.17016/ifdp.2020.1296	1CGoumWd1
Konar2018	doi:10.1371/journal.pone.0199498	doi:10.1371/journal.pone.0199498	oQlaJAha
Smith2017	doi:10.1073/pnas.1703793114	doi:10.1073/pnas.1703793114	RLb6yLID
Munisamy2020	doi:10.3386/w27151	doi:10.3386/w27151	cVCd0uNf
